,json_path,yoga_class,img_group
228,./model_result/5000/static/images/virabhadrasana_i/human/11-0.json,virabhadrasana_i,human
288,./model_result/5000/static/images/utkatasana/human/41._52f0c101242c1179e2d62b4caa4f99d5.json,utkatasana,human
680,./model_result/5000/static/images/ardha_uttanasana/human/47-0.json,ardha_uttanasana,human
391,./model_result/5000/static/images/bhujangasana/human/42-0.json,bhujangasana,human
590,./model_result/5000/static/images/paschimottanasana/diagram/136-0.json,paschimottanasana,diagram
470,./model_result/5000/static/images/adho_mukha_svanasana/human/25._11.json,adho_mukha_svanasana,human
444,./model_result/5000/static/images/adho_mukha_svanasana/human/54._bc56388aad161f17b93f5fb21faeddca.json,adho_mukha_svanasana,human
321,./model_result/5000/static/images/purvottanasana/human/48-0.json,purvottanasana,human
905,./model_result/5000/static/images/marjaryasana/human/61-0.json,marjaryasana,human
890,./model_result/5000/static/images/marjaryasana/human/17-0.json,marjaryasana,human
893,./model_result/5000/static/images/marjaryasana/human/87-0.json,marjaryasana,human
10,./model_result/5000/static/images/chaturanga_dandasana/human/6-0.json,chaturanga_dandasana,human
931,./model_result/5000/static/images/ananda-balasana/human/4-0.json,ananda-balasana,human
542,./model_result/5000/static/images/anjaneyasana/human/33-0.json,anjaneyasana,human
637,./model_result/5000/static/images/paschimottanasana/human/110-0.json,paschimottanasana,human
80,./model_result/5000/static/images/malasana/human/90-0.json,malasana,human
69,./model_result/5000/static/images/malasana/human/39-0.json,malasana,human
341,./model_result/5000/static/images/purvottanasana/human/59-0.json,purvottanasana,human
669,./model_result/5000/static/images/ardha_uttanasana/human/31-0.json,ardha_uttanasana,human
613,./model_result/5000/static/images/paschimottanasana/human/87-0.json,paschimottanasana,human
435,./model_result/5000/static/images/adho_mukha_svanasana/human/29._adho-mukha-svanasana.json,adho_mukha_svanasana,human
758,./model_result/5000/static/images/marichyasana_iii/human/50-0.json,marichyasana_iii,human
181,./model_result/5000/static/images/ustrasana/human/28-0.json,ustrasana,human
725,./model_result/5000/static/images/salabhasana/human/27-0.json,salabhasana,human
748,./model_result/5000/static/images/marichyasana_iii/human/70-0.json,marichyasana_iii,human
939,./model_result/5000/static/images/ananda-balasana/human/31-1.json,ananda-balasana,human
895,./model_result/5000/static/images/marjaryasana/human/90-0.json,marjaryasana,human
356,./model_result/5000/static/images/purvottanasana/human/88-0.json,purvottanasana,human
782,./model_result/5000/static/images/bitilasana/human/6-0.json,bitilasana,human
320,./model_result/5000/static/images/purvottanasana/human/35._img_8371.json,purvottanasana,human
22,./model_result/5000/static/images/chaturanga_dandasana/human/23-0.json,chaturanga_dandasana,human
184,./model_result/5000/static/images/ustrasana/human/73-0.json,ustrasana,human
119,./model_result/5000/static/images/uttanasana/human/42-0.json,uttanasana,human
370,./model_result/5000/static/images/bhujangasana/human/62-0.json,bhujangasana,human
763,./model_result/5000/static/images/marichyasana_iii/human/38-0.json,marichyasana_iii,human
324,./model_result/5000/static/images/purvottanasana/human/39-0.json,purvottanasana,human
203,./model_result/5000/static/images/ustrasana/human/84-1.json,ustrasana,human
666,./model_result/5000/static/images/ardha_uttanasana/human/64-0.json,ardha_uttanasana,human
248,./model_result/5000/static/images/virabhadrasana_i/human/File42.json,virabhadrasana_i,human
948,./model_result/5000/static/images/ananda-balasana/human/28-0.json,ananda-balasana,human
27,./model_result/5000/static/images/chaturanga_dandasana/human/42-0.json,chaturanga_dandasana,human
212,./model_result/5000/static/images/virabhadrasana_i/diagram/4-0.json,virabhadrasana_i,diagram
739,./model_result/5000/static/images/salabhasana/human/92-0.json,salabhasana,human
695,./model_result/5000/static/images/ardha_uttanasana/human/75-1.json,ardha_uttanasana,human
585,./model_result/5000/static/images/agnistambhasana/human/9-0.json,agnistambhasana,human
286,./model_result/5000/static/images/utkatasana/human/35._body-weight-strength-training-workout-chair-pose-pulse.json,utkatasana,human
402,./model_result/5000/static/images/bhujangasana/human/61-0.json,bhujangasana,human
559,./model_result/5000/static/images/anjaneyasana/human/3-0.json,anjaneyasana,human
417,./model_result/5000/static/images/bhujangasana/human/3-0.json,bhujangasana,human
922,./model_result/5000/static/images/marjaryasana/human/98-0.json,marjaryasana,human
716,./model_result/5000/static/images/salabhasana/diagram/22-0.json,salabhasana,diagram
14,./model_result/5000/static/images/chaturanga_dandasana/human/48-0.json,chaturanga_dandasana,human
851,./model_result/5000/static/images/balasana/human/17._balasana.json,balasana,human
430,./model_result/5000/static/images/adho_mukha_svanasana/human/19._1-adho-mukha-svanasana.json,adho_mukha_svanasana,human
578,./model_result/5000/static/images/agnistambhasana/human/12-0.json,agnistambhasana,human
187,./model_result/5000/static/images/ustrasana/human/34-0.json,ustrasana,human
292,./model_result/5000/static/images/utkatasana/human/41._screen_shot_2018-06-01_at_4.30.56_am.json,utkatasana,human
45,./model_result/5000/static/images/chaturanga_dandasana/human/5-0.json,chaturanga_dandasana,human
305,./model_result/5000/static/images/utkatasana/human/30._sara-in-chair-pose-responding-to-the-instruction-to-puff-the-kidneys-and-open-the.json,utkatasana,human
769,./model_result/5000/static/images/bitilasana/diagram/72-0.json,bitilasana,diagram
385,./model_result/5000/static/images/bhujangasana/human/76-0.json,bhujangasana,human
344,./model_result/5000/static/images/purvottanasana/human/10-0.json,purvottanasana,human
568,./model_result/5000/static/images/agnistambhasana/human/4-0.json,agnistambhasana,human
543,./model_result/5000/static/images/anjaneyasana/human/21-0.json,anjaneyasana,human
546,./model_result/5000/static/images/anjaneyasana/human/71-0.json,anjaneyasana,human
865,./model_result/5000/static/images/balasana/human/45._4276901736001_4744530330001_4744498901001-vs.json,balasana,human
584,./model_result/5000/static/images/agnistambhasana/human/26-0.json,agnistambhasana,human
534,./model_result/5000/static/images/anjaneyasana/human/44-0.json,anjaneyasana,human
390,./model_result/5000/static/images/bhujangasana/human/33-0.json,bhujangasana,human
316,./model_result/5000/static/images/purvottanasana/human/6-0.json,purvottanasana,human
392,./model_result/5000/static/images/bhujangasana/human/21-0.json,bhujangasana,human
118,./model_result/5000/static/images/uttanasana/human/33-0.json,uttanasana,human
380,./model_result/5000/static/images/bhujangasana/human/89-0.json,bhujangasana,human
621,./model_result/5000/static/images/paschimottanasana/human/55-0.json,paschimottanasana,human
202,./model_result/5000/static/images/ustrasana/human/96-0.json,ustrasana,human
523,./model_result/5000/static/images/urdhva_hastasana/human/32-0.json,urdhva_hastasana,human
664,./model_result/5000/static/images/ardha_uttanasana/human/89-0.json,ardha_uttanasana,human
191,./model_result/5000/static/images/ustrasana/human/80-0.json,ustrasana,human
128,./model_result/5000/static/images/uttanasana/human/26-0.json,uttanasana,human
78,./model_result/5000/static/images/malasana/human/95-0.json,malasana,human
76,./model_result/5000/static/images/malasana/human/50-0.json,malasana,human
899,./model_result/5000/static/images/marjaryasana/human/12-0.json,marjaryasana,human
904,./model_result/5000/static/images/marjaryasana/human/55-1.json,marjaryasana,human
43,./model_result/5000/static/images/chaturanga_dandasana/human/80-0.json,chaturanga_dandasana,human
723,./model_result/5000/static/images/salabhasana/human/81-0.json,salabhasana,human
245,./model_result/5000/static/images/virabhadrasana_i/human/26-0.json,virabhadrasana_i,human
95,./model_result/5000/static/images/malasana/human/67-0.json,malasana,human
97,./model_result/5000/static/images/uttanasana/human/58-0.json,uttanasana,human
48,./model_result/5000/static/images/chaturanga_dandasana/human/30-0.json,chaturanga_dandasana,human
954,./model_result/5000/static/images/ananda-balasana/human/88-0.json,ananda-balasana,human
500,./model_result/5000/static/images/urdhva_hastasana/side_angle/36-1.json,urdhva_hastasana,side_angle
522,./model_result/5000/static/images/urdhva_hastasana/human/94-0.json,urdhva_hastasana,human
755,./model_result/5000/static/images/marichyasana_iii/human/15-0.json,marichyasana_iii,human
726,./model_result/5000/static/images/salabhasana/human/85-0.json,salabhasana,human
952,./model_result/5000/static/images/ananda-balasana/human/18-0.json,ananda-balasana,human
337,./model_result/5000/static/images/purvottanasana/human/2-0.json,purvottanasana,human
167,./model_result/5000/static/images/ustrasana/human/50-0.json,ustrasana,human
469,./model_result/5000/static/images/adho_mukha_svanasana/human/94._dog.json,adho_mukha_svanasana,human
650,./model_result/5000/static/images/ardha_uttanasana/human/29-0.json,ardha_uttanasana,human
246,./model_result/5000/static/images/virabhadrasana_i/human/9-0.json,virabhadrasana_i,human
871,./model_result/5000/static/images/balasana/human/30._yoga-child-pose-800x480.json,balasana,human
2,./model_result/5000/static/images/chaturanga_dandasana/human/25-0.json,chaturanga_dandasana,human
478,./model_result/5000/static/images/urdhva_hastasana/diagram/4._tadasana.json,urdhva_hastasana,diagram
121,./model_result/5000/static/images/uttanasana/human/85-1.json,uttanasana,human
276,./model_result/5000/static/images/utkatasana/human/38._2018-05-04-chair-pose.json,utkatasana,human
101,./model_result/5000/static/images/uttanasana/human/4-1.json,uttanasana,human
208,./model_result/5000/static/images/ustrasana/human/16-0.json,ustrasana,human
536,./model_result/5000/static/images/anjaneyasana/human/89-0.json,anjaneyasana,human
393,./model_result/5000/static/images/bhujangasana/human/95-0.json,bhujangasana,human
788,./model_result/5000/static/images/bitilasana/human/39-0.json,bitilasana,human
480,./model_result/5000/static/images/urdhva_hastasana/diagram/42._7355857042b6d400ee70a7034c3d8599.json,urdhva_hastasana,diagram
238,./model_result/5000/static/images/virabhadrasana_i/human/File25.json,virabhadrasana_i,human
239,./model_result/5000/static/images/virabhadrasana_i/human/12-0.json,virabhadrasana_i,human
738,./model_result/5000/static/images/salabhasana/human/45-0.json,salabhasana,human
155,./model_result/5000/static/images/ustrasana/human/56-0.json,ustrasana,human
357,./model_result/5000/static/images/purvottanasana/human/3-0.json,purvottanasana,human
38,./model_result/5000/static/images/chaturanga_dandasana/human/57-0.json,chaturanga_dandasana,human
916,./model_result/5000/static/images/marjaryasana/human/3-0.json,marjaryasana,human
784,./model_result/5000/static/images/bitilasana/human/93-0.json,bitilasana,human
415,./model_result/5000/static/images/bhujangasana/human/1-0.json,bhujangasana,human
718,./model_result/5000/static/images/salabhasana/human/70-0.json,salabhasana,human
822,./model_result/5000/static/images/bitilasana/human/77-0.json,bitilasana,human
318,./model_result/5000/static/images/purvottanasana/human/4-0.json,purvottanasana,human
490,./model_result/5000/static/images/urdhva_hastasana/side_angle/48-0.json,urdhva_hastasana,side_angle
731,./model_result/5000/static/images/salabhasana/human/82-0.json,salabhasana,human
816,./model_result/5000/static/images/bitilasana/human/26-0.json,bitilasana,human
138,./model_result/5000/static/images/uttanasana/human/84-1.json,uttanasana,human
595,./model_result/5000/static/images/paschimottanasana/human/131-0.json,paschimottanasana,human
284,./model_result/5000/static/images/utkatasana/human/12._chair_20pose_20shutterstock_133033220.json,utkatasana,human
474,./model_result/5000/static/images/adho_mukha_svanasana/human/14._downward-dog-pose-as-done-by-a-dog.json,adho_mukha_svanasana,human
230,./model_result/5000/static/images/virabhadrasana_i/human/15-0.json,virabhadrasana_i,human
878,./model_result/5000/static/images/marjaryasana/human/93-1.json,marjaryasana,human
883,./model_result/5000/static/images/marjaryasana/human/58-1.json,marjaryasana,human
20,./model_result/5000/static/images/chaturanga_dandasana/human/42-1.json,chaturanga_dandasana,human
583,./model_result/5000/static/images/agnistambhasana/human/38-0.json,agnistambhasana,human
473,./model_result/5000/static/images/adho_mukha_svanasana/human/13._downward-facing-dog-800x490.json,adho_mukha_svanasana,human
949,./model_result/5000/static/images/ananda-balasana/human/10-0.json,ananda-balasana,human
752,./model_result/5000/static/images/marichyasana_iii/human/44-0.json,marichyasana_iii,human
553,./model_result/5000/static/images/anjaneyasana/human/92-0.json,anjaneyasana,human
65,./model_result/5000/static/images/malasana/human/29-0.json,malasana,human
508,./model_result/5000/static/images/urdhva_hastasana/human/58._408816_thumb.json,urdhva_hastasana,human
639,./model_result/5000/static/images/paschimottanasana/human/134-0.json,paschimottanasana,human
262,./model_result/5000/static/images/utkatasana/diagram/17._utkatasana_richtig_yoga_journal.json,utkatasana,diagram
159,./model_result/5000/static/images/ustrasana/human/68-0.json,ustrasana,human
297,./model_result/5000/static/images/utkatasana/human/3._utkatasana-chair-pose.json,utkatasana,human
786,./model_result/5000/static/images/bitilasana/human/35-0.json,bitilasana,human
820,./model_result/5000/static/images/bitilasana/human/30-0.json,bitilasana,human
433,./model_result/5000/static/images/adho_mukha_svanasana/human/50._blog-14-size.json,adho_mukha_svanasana,human
358,./model_result/5000/static/images/purvottanasana/human/86-0.json,purvottanasana,human
888,./model_result/5000/static/images/marjaryasana/human/76-0.json,marjaryasana,human
381,./model_result/5000/static/images/bhujangasana/human/0-0.json,bhujangasana,human
940,./model_result/5000/static/images/ananda-balasana/human/78-0.json,ananda-balasana,human
463,./model_result/5000/static/images/adho_mukha_svanasana/human/43._downward-facing-dog-reboot-1.json,adho_mukha_svanasana,human
351,./model_result/5000/static/images/purvottanasana/human/41-0.json,purvottanasana,human
166,./model_result/5000/static/images/ustrasana/human/78-0.json,ustrasana,human
303,./model_result/5000/static/images/utkatasana/human/33._289ec676a94f072a6afa5ccd3a55529b.json,utkatasana,human
765,./model_result/5000/static/images/marichyasana_iii/human/37-2.json,marichyasana_iii,human
555,./model_result/5000/static/images/anjaneyasana/human/18-0.json,anjaneyasana,human
426,./model_result/5000/static/images/adho_mukha_svanasana/human/88._adho-mukha-svanasana-pies-z-glowacca8-w-dol-840x400.json,adho_mukha_svanasana,human
575,./model_result/5000/static/images/agnistambhasana/human/21-0.json,agnistambhasana,human
308,./model_result/5000/static/images/purvottanasana/human/58-0.json,purvottanasana,human
244,./model_result/5000/static/images/virabhadrasana_i/human/38-0.json,virabhadrasana_i,human
934,./model_result/5000/static/images/ananda-balasana/human/15-0.json,ananda-balasana,human
251,./model_result/5000/static/images/virabhadrasana_i/human/3-0.json,virabhadrasana_i,human
706,./model_result/5000/static/images/ardha_uttanasana/human/3-0.json,ardha_uttanasana,human
730,./model_result/5000/static/images/salabhasana/human/78-0.json,salabhasana,human
703,./model_result/5000/static/images/ardha_uttanasana/human/1-0.json,ardha_uttanasana,human
436,./model_result/5000/static/images/adho_mukha_svanasana/human/80._down-dog-in-stowe-vt-blog-1.json,adho_mukha_svanasana,human
174,./model_result/5000/static/images/ustrasana/human/7-0.json,ustrasana,human
713,./model_result/5000/static/images/ardha_uttanasana/human/79-0.json,ardha_uttanasana,human
518,./model_result/5000/static/images/urdhva_hastasana/human/65-0.json,urdhva_hastasana,human
266,./model_result/5000/static/images/utkatasana/diagram/25._9a455159bb1ae431c3da7867f9db577b.json,utkatasana,diagram
676,./model_result/5000/static/images/ardha_uttanasana/human/12-0.json,ardha_uttanasana,human
692,./model_result/5000/static/images/ardha_uttanasana/human/41-0.json,ardha_uttanasana,human
375,./model_result/5000/static/images/bhujangasana/human/35-0.json,bhujangasana,human
200,./model_result/5000/static/images/ustrasana/human/84-0.json,ustrasana,human
837,./model_result/5000/static/images/balasana/human/14._stretching-inner-thighs-balasana-baddha-konasana-side-splits-malasana-man-15965869.json,balasana,human
349,./model_result/5000/static/images/purvottanasana/human/80-0.json,purvottanasana,human
900,./model_result/5000/static/images/marjaryasana/human/71-0.json,marjaryasana,human
483,./model_result/5000/static/images/urdhva_hastasana/diagram/59-0.json,urdhva_hastasana,diagram
111,./model_result/5000/static/images/uttanasana/human/60-0.json,uttanasana,human
576,./model_result/5000/static/images/agnistambhasana/human/87-0.json,agnistambhasana,human
827,./model_result/5000/static/images/bitilasana/human/88-1.json,bitilasana,human
874,./model_result/5000/static/images/marjaryasana/human/58-1_copy.json,marjaryasana,human
434,./model_result/5000/static/images/adho_mukha_svanasana/human/49._adho-mukha-svanasana-768x429.json,adho_mukha_svanasana,human
55,./model_result/5000/static/images/chaturanga_dandasana/human/86-0.json,chaturanga_dandasana,human
106,./model_result/5000/static/images/uttanasana/human/56-0.json,uttanasana,human
927,./model_result/5000/static/images/ananda-balasana/human/58-0.json,ananda-balasana,human
325,./model_result/5000/static/images/purvottanasana/human/11-0.json,purvottanasana,human
66,./model_result/5000/static/images/malasana/human/61-5.json,malasana,human
694,./model_result/5000/static/images/ardha_uttanasana/human/53-0.json,ardha_uttanasana,human
811,./model_result/5000/static/images/bitilasana/human/71-1.json,bitilasana,human
453,./model_result/5000/static/images/adho_mukha_svanasana/human/12._downward-facing-dog-pose.json,adho_mukha_svanasana,human
663,./model_result/5000/static/images/ardha_uttanasana/human/85-0.json,ardha_uttanasana,human
87,./model_result/5000/static/images/malasana/human/26-0.json,malasana,human
307,./model_result/5000/static/images/purvottanasana/human/46-0.json,purvottanasana,human
206,./model_result/5000/static/images/ustrasana/human/20-0.json,ustrasana,human
192,./model_result/5000/static/images/ustrasana/human/9-0.json,ustrasana,human
13,./model_result/5000/static/images/chaturanga_dandasana/human/81-0.json,chaturanga_dandasana,human
572,./model_result/5000/static/images/agnistambhasana/human/66-0.json,agnistambhasana,human
653,./model_result/5000/static/images/ardha_uttanasana/human/83-0.json,ardha_uttanasana,human
686,./model_result/5000/static/images/ardha_uttanasana/human/49-0.json,ardha_uttanasana,human
929,./model_result/5000/static/images/ananda-balasana/human/13-0.json,ananda-balasana,human
40,./model_result/5000/static/images/chaturanga_dandasana/human/38-0.json,chaturanga_dandasana,human
225,./model_result/5000/static/images/virabhadrasana_i/human/27-0.json,virabhadrasana_i,human
329,./model_result/5000/static/images/purvottanasana/human/76-0.json,purvottanasana,human
419,./model_result/5000/static/images/bhujangasana/human/16-0.json,bhujangasana,human
567,./model_result/5000/static/images/agnistambhasana/human/46-0.json,agnistambhasana,human
143,./model_result/5000/static/images/ustrasana/diagram/27-0.json,ustrasana,diagram
649,./model_result/5000/static/images/ardha_uttanasana/diagram/16-0.json,ardha_uttanasana,diagram
643,./model_result/5000/static/images/ardha_uttanasana/diagram/0-0.json,ardha_uttanasana,diagram
312,./model_result/5000/static/images/purvottanasana/human/62-0.json,purvottanasana,human
268,./model_result/5000/static/images/utkatasana/diagram/4._4-asana-27-utkatasana-anu-1.json,utkatasana,diagram
165,./model_result/5000/static/images/ustrasana/human/17-0.json,ustrasana,human
213,./model_result/5000/static/images/virabhadrasana_i/diagram/21-0.json,virabhadrasana_i,diagram
176,./model_result/5000/static/images/ustrasana/human/12-0.json,ustrasana,human
154,./model_result/5000/static/images/ustrasana/human/35-0.json,ustrasana,human
264,./model_result/5000/static/images/utkatasana/diagram/2._d691b767d75133d3e177618dd04dfeaa.json,utkatasana,diagram
42,./model_result/5000/static/images/chaturanga_dandasana/human/92-0.json,chaturanga_dandasana,human
81,./model_result/5000/static/images/malasana/human/63-0.json,malasana,human
626,./model_result/5000/static/images/paschimottanasana/human/17._paschimottanasana-seated-forward-bend-image.json,paschimottanasana,human
209,./model_result/5000/static/images/ustrasana/human/75-0.json,ustrasana,human
819,./model_result/5000/static/images/bitilasana/human/53-0.json,bitilasana,human
136,./model_result/5000/static/images/uttanasana/human/96-0.json,uttanasana,human
517,./model_result/5000/static/images/urdhva_hastasana/human/9-0.json,urdhva_hastasana,human
593,./model_result/5000/static/images/paschimottanasana/human/123-0.json,paschimottanasana,human
279,./model_result/5000/static/images/utkatasana/human/41._screen_shot_2018-06-01_at_4.30.56_am_copy.json,utkatasana,human
743,./model_result/5000/static/images/salabhasana/human/77-0.json,salabhasana,human
384,./model_result/5000/static/images/bhujangasana/human/68-0.json,bhujangasana,human
408,./model_result/5000/static/images/bhujangasana/human/5-0.json,bhujangasana,human
654,./model_result/5000/static/images/ardha_uttanasana/human/91-0.json,ardha_uttanasana,human
169,./model_result/5000/static/images/ustrasana/human/42-0.json,ustrasana,human
662,./model_result/5000/static/images/ardha_uttanasana/human/72-0.json,ardha_uttanasana,human
563,./model_result/5000/static/images/anjaneyasana/human/67-0.json,anjaneyasana,human
749,./model_result/5000/static/images/marichyasana_iii/human/13-0.json,marichyasana_iii,human
926,./model_result/5000/static/images/ananda-balasana/diagram/16-0.json,ananda-balasana,diagram
24,./model_result/5000/static/images/chaturanga_dandasana/human/66-0.json,chaturanga_dandasana,human
353,./model_result/5000/static/images/purvottanasana/human/53-0.json,purvottanasana,human
812,./model_result/5000/static/images/bitilasana/human/34-0.json,bitilasana,human
832,./model_result/5000/static/images/bitilasana/human/20-0.json,bitilasana,human
710,./model_result/5000/static/images/ardha_uttanasana/human/43-0.json,ardha_uttanasana,human
766,./model_result/5000/static/images/marichyasana_iii/human/20-0.json,marichyasana_iii,human
260,./model_result/5000/static/images/utkatasana/diagram/8._f44c271bdfb18ac61b8e79fa4f518e5c.json,utkatasana,diagram
705,./model_result/5000/static/images/ardha_uttanasana/human/88-0.json,ardha_uttanasana,human
805,./model_result/5000/static/images/bitilasana/human/95-0.json,bitilasana,human
727,./model_result/5000/static/images/salabhasana/human/40-0.json,salabhasana,human
674,./model_result/5000/static/images/ardha_uttanasana/human/82-0.json,ardha_uttanasana,human
131,./model_result/5000/static/images/uttanasana/human/30-0.json,uttanasana,human
368,./model_result/5000/static/images/bhujangasana/human/58-0.json,bhujangasana,human
285,./model_result/5000/static/images/utkatasana/human/10._3935cb043ece7e76c0e054ed1fa6909a.json,utkatasana,human
768,./model_result/5000/static/images/marichyasana_iii/human/16-0.json,marichyasana_iii,human
943,./model_result/5000/static/images/ananda-balasana/human/95-0.json,ananda-balasana,human
815,./model_result/5000/static/images/bitilasana/human/45-0.json,bitilasana,human
129,./model_result/5000/static/images/uttanasana/human/92-0.json,uttanasana,human
404,./model_result/5000/static/images/bhujangasana/human/38-0.json,bhujangasana,human
201,./model_result/5000/static/images/ustrasana/human/88-0.json,ustrasana,human
876,./model_result/5000/static/images/marjaryasana/human/27-1.json,marjaryasana,human
240,./model_result/5000/static/images/virabhadrasana_i/human/36-0.json,virabhadrasana_i,human
799,./model_result/5000/static/images/bitilasana/human/17-0.json,bitilasana,human
942,./model_result/5000/static/images/ananda-balasana/human/21-0.json,ananda-balasana,human
708,./model_result/5000/static/images/ardha_uttanasana/human/51-0.json,ardha_uttanasana,human
178,./model_result/5000/static/images/ustrasana/human/59-0.json,ustrasana,human
835,./model_result/5000/static/images/bitilasana/human/67-0.json,bitilasana,human
216,./model_result/5000/static/images/virabhadrasana_i/diagram/20-0.json,virabhadrasana_i,diagram
336,./model_result/5000/static/images/purvottanasana/human/95-0.json,purvottanasana,human
488,./model_result/5000/static/images/urdhva_hastasana/side_angle/29-0.json,urdhva_hastasana,side_angle
9,./model_result/5000/static/images/chaturanga_dandasana/human/13-0.json,chaturanga_dandasana,human
579,./model_result/5000/static/images/agnistambhasana/human/10-0.json,agnistambhasana,human
891,./model_result/5000/static/images/marjaryasana/human/50-0.json,marjaryasana,human
691,./model_result/5000/static/images/ardha_uttanasana/human/5-0.json,ardha_uttanasana,human
91,./model_result/5000/static/images/malasana/human/32-0.json,malasana,human
614,./model_result/5000/static/images/paschimottanasana/human/2-0.json,paschimottanasana,human
440,./model_result/5000/static/images/adho_mukha_svanasana/human/42._img_1199.json,adho_mukha_svanasana,human
581,./model_result/5000/static/images/agnistambhasana/human/57-0.json,agnistambhasana,human
775,./model_result/5000/static/images/bitilasana/human/46-0.json,bitilasana,human
622,./model_result/5000/static/images/paschimottanasana/human/114-0.json,paschimottanasana,human
485,./model_result/5000/static/images/urdhva_hastasana/diagram/81._29.json,urdhva_hastasana,diagram
219,./model_result/5000/static/images/virabhadrasana_i/human/29-0.json,virabhadrasana_i,human
761,./model_result/5000/static/images/marichyasana_iii/human/28-0.json,marichyasana_iii,human
897,./model_result/5000/static/images/marjaryasana/human/7-0.json,marjaryasana,human
635,./model_result/5000/static/images/paschimottanasana/human/69-0.json,paschimottanasana,human
265,./model_result/5000/static/images/utkatasana/diagram/7._4-asana-27-utkatasana-anu-1.json,utkatasana,diagram
338,./model_result/5000/static/images/purvottanasana/human/90-0.json,purvottanasana,human
742,./model_result/5000/static/images/salabhasana/human/15-4.json,salabhasana,human
608,./model_result/5000/static/images/paschimottanasana/human/148-0.json,paschimottanasana,human
503,./model_result/5000/static/images/urdhva_hastasana/side_angle/47._374982_thumb.json,urdhva_hastasana,side_angle
682,./model_result/5000/static/images/ardha_uttanasana/human/28-0.json,ardha_uttanasana,human
733,./model_result/5000/static/images/salabhasana/human/24-0.json,salabhasana,human
675,./model_result/5000/static/images/ardha_uttanasana/human/38-1.json,ardha_uttanasana,human
130,./model_result/5000/static/images/uttanasana/human/22-0.json,uttanasana,human
894,./model_result/5000/static/images/marjaryasana/human/82-0.json,marjaryasana,human
37,./model_result/5000/static/images/chaturanga_dandasana/human/50-2.json,chaturanga_dandasana,human
125,./model_result/5000/static/images/uttanasana/human/10-0.json,uttanasana,human
96,./model_result/5000/static/images/uttanasana/human/46-0.json,uttanasana,human
646,./model_result/5000/static/images/ardha_uttanasana/diagram/63-0.json,ardha_uttanasana,diagram
103,./model_result/5000/static/images/uttanasana/human/4-0.json,uttanasana,human
362,./model_result/5000/static/images/purvottanasana/human/67-0.json,purvottanasana,human
407,./model_result/5000/static/images/bhujangasana/human/9-0.json,bhujangasana,human
901,./model_result/5000/static/images/marjaryasana/human/24-0.json,marjaryasana,human
7,./model_result/5000/static/images/chaturanga_dandasana/human/30-2.json,chaturanga_dandasana,human
907,./model_result/5000/static/images/marjaryasana/human/63-1.json,marjaryasana,human
104,./model_result/5000/static/images/uttanasana/human/39._uttanasana-1a554225-6968-4715-b4c5-dd545977e36-resize-750.json,uttanasana,human
437,./model_result/5000/static/images/adho_mukha_svanasana/human/22._photo-17-05-2015-18-28-30.json,adho_mukha_svanasana,human
451,./model_result/5000/static/images/adho_mukha_svanasana/human/14._untitled_design_33.json,adho_mukha_svanasana,human
282,./model_result/5000/static/images/utkatasana/human/5._utkatasana-chair-pose.json,utkatasana,human
452,./model_result/5000/static/images/adho_mukha_svanasana/human/32._1473984207.json,adho_mukha_svanasana,human
432,./model_result/5000/static/images/adho_mukha_svanasana/human/72._ff-4.json,adho_mukha_svanasana,human
302,./model_result/5000/static/images/utkatasana/human/22._chair-pose_copy.json,utkatasana,human
350,./model_result/5000/static/images/purvottanasana/human/5-0.json,purvottanasana,human
740,./model_result/5000/static/images/salabhasana/human/9-0.json,salabhasana,human
764,./model_result/5000/static/images/marichyasana_iii/human/26-0.json,marichyasana_iii,human
168,./model_result/5000/static/images/ustrasana/human/33-0.json,ustrasana,human
28,./model_result/5000/static/images/chaturanga_dandasana/human/95-0.json,chaturanga_dandasana,human
564,./model_result/5000/static/images/agnistambhasana/diagram/47-0.json,agnistambhasana,diagram
745,./model_result/5000/static/images/salabhasana/human/1-0.json,salabhasana,human
918,./model_result/5000/static/images/marjaryasana/human/12-0_copy.json,marjaryasana,human
352,./model_result/5000/static/images/purvottanasana/human/22-0.json,purvottanasana,human
687,./model_result/5000/static/images/ardha_uttanasana/human/26-0.json,ardha_uttanasana,human
921,./model_result/5000/static/images/marjaryasana/human/86-0.json,marjaryasana,human
467,./model_result/5000/static/images/adho_mukha_svanasana/human/47._downward-facing-dog.json,adho_mukha_svanasana,human
255,./model_result/5000/static/images/virabhadrasana_i/human/22-1.json,virabhadrasana_i,human
861,./model_result/5000/static/images/balasana/human/45._curry-_sisters_child-pose_copy.json,balasana,human
938,./model_result/5000/static/images/ananda-balasana/human/74-0.json,ananda-balasana,human
496,./model_result/5000/static/images/urdhva_hastasana/side_angle/28._01-urdhva-vrikasana.json,urdhva_hastasana,side_angle
791,./model_result/5000/static/images/bitilasana/human/2-1.json,bitilasana,human
465,./model_result/5000/static/images/adho_mukha_svanasana/human/81._untitled1.json,adho_mukha_svanasana,human
403,./model_result/5000/static/images/bhujangasana/human/34-0.json,bhujangasana,human
699,./model_result/5000/static/images/ardha_uttanasana/human/20-1.json,ardha_uttanasana,human
844,./model_result/5000/static/images/balasana/human/24._3-childspose-shutterstock.json,balasana,human
67,./model_result/5000/static/images/malasana/human/8-0.json,malasana,human
544,./model_result/5000/static/images/anjaneyasana/human/95-0.json,anjaneyasana,human
422,./model_result/5000/static/images/adho_mukha_svanasana/diagram/3._downward-facing-dog-pose-567x567.json,adho_mukha_svanasana,diagram
796,./model_result/5000/static/images/bitilasana/human/40-0.json,bitilasana,human
623,./model_result/5000/static/images/paschimottanasana/human/132-0.json,paschimottanasana,human
11,./model_result/5000/static/images/chaturanga_dandasana/human/4-0.json,chaturanga_dandasana,human
552,./model_result/5000/static/images/anjaneyasana/human/26-0.json,anjaneyasana,human
619,./model_result/5000/static/images/paschimottanasana/human/24-0.json,paschimottanasana,human
431,./model_result/5000/static/images/adho_mukha_svanasana/human/8._benefits-of-downward-dog_orig.json,adho_mukha_svanasana,human
773,./model_result/5000/static/images/bitilasana/diagram/10-0.json,bitilasana,diagram
319,./model_result/5000/static/images/purvottanasana/human/81-0.json,purvottanasana,human
195,./model_result/5000/static/images/ustrasana/human/41-0.json,ustrasana,human
293,./model_result/5000/static/images/utkatasana/human/9._untitled-design1_copy.json,utkatasana,human
644,./model_result/5000/static/images/ardha_uttanasana/diagram/15-0.json,ardha_uttanasana,diagram
359,./model_result/5000/static/images/purvottanasana/human/51-0.json,purvottanasana,human
423,./model_result/5000/static/images/adho_mukha_svanasana/diagram/12._66a62b8c606fd88e0401b5af0a7cbca7.json,adho_mukha_svanasana,diagram
830,./model_result/5000/static/images/bitilasana/human/69-1.json,bitilasana,human
16,./model_result/5000/static/images/chaturanga_dandasana/human/11-0.json,chaturanga_dandasana,human
520,./model_result/5000/static/images/urdhva_hastasana/human/18._431109_preview.json,urdhva_hastasana,human
950,./model_result/5000/static/images/ananda-balasana/human/80-0.json,ananda-balasana,human
920,./model_result/5000/static/images/marjaryasana/human/83-0_copy.json,marjaryasana,human
616,./model_result/5000/static/images/paschimottanasana/human/63-0.json,paschimottanasana,human
660,./model_result/5000/static/images/ardha_uttanasana/human/11-0.json,ardha_uttanasana,human
412,./model_result/5000/static/images/bhujangasana/human/65-0.json,bhujangasana,human
869,./model_result/5000/static/images/balasana/human/32._child-pose.json,balasana,human
882,./model_result/5000/static/images/marjaryasana/human/72-0.json,marjaryasana,human
343,./model_result/5000/static/images/purvottanasana/human/73-0.json,purvottanasana,human
512,./model_result/5000/static/images/urdhva_hastasana/human/201506-yjmag-upward-salute-modify.json,urdhva_hastasana,human
770,./model_result/5000/static/images/bitilasana/diagram/19-0.json,bitilasana,diagram
71,./model_result/5000/static/images/malasana/human/85-0.json,malasana,human
924,./model_result/5000/static/images/marjaryasana/human/16-0.json,marjaryasana,human
462,./model_result/5000/static/images/adho_mukha_svanasana/human/17._screen_shot_2014-03-20_at_2.05.15_pm.json,adho_mukha_svanasana,human
90,./model_result/5000/static/images/malasana/human/65-0.json,malasana,human
866,./model_result/5000/static/images/balasana/human/17._extended-child-pose.json,balasana,human
668,./model_result/5000/static/images/ardha_uttanasana/human/40-0.json,ardha_uttanasana,human
570,./model_result/5000/static/images/agnistambhasana/human/48-0.json,agnistambhasana,human
295,./model_result/5000/static/images/utkatasana/human/28._yoga-pose-101-utkatasana-or-chair-pose.json,utkatasana,human
627,./model_result/5000/static/images/paschimottanasana/human/92-0.json,paschimottanasana,human
198,./model_result/5000/static/images/ustrasana/human/30-0.json,ustrasana,human
617,./model_result/5000/static/images/paschimottanasana/human/130-0.json,paschimottanasana,human
889,./model_result/5000/static/images/marjaryasana/human/31-0.json,marjaryasana,human
652,./model_result/5000/static/images/ardha_uttanasana/human/70-0.json,ardha_uttanasana,human
172,./model_result/5000/static/images/ustrasana/human/82-0.json,ustrasana,human
35,./model_result/5000/static/images/chaturanga_dandasana/human/36-0.json,chaturanga_dandasana,human
26,./model_result/5000/static/images/chaturanga_dandasana/human/33-0.json,chaturanga_dandasana,human
600,./model_result/5000/static/images/paschimottanasana/human/133-0.json,paschimottanasana,human
701,./model_result/5000/static/images/ardha_uttanasana/human/32-1.json,ardha_uttanasana,human
631,./model_result/5000/static/images/paschimottanasana/human/18-0.json,paschimottanasana,human
134,./model_result/5000/static/images/uttanasana/human/51-1.json,uttanasana,human
839,./model_result/5000/static/images/balasana/human/7._is-childs-pose-good-for-your-fertility-.json,balasana,human
68,./model_result/5000/static/images/malasana/human/4-0.json,malasana,human
505,./model_result/5000/static/images/urdhva_hastasana/side_angle/72-2.json,urdhva_hastasana,side_angle
85,./model_result/5000/static/images/malasana/human/24-1.json,malasana,human
810,./model_result/5000/static/images/bitilasana/human/55-0.json,bitilasana,human
696,./model_result/5000/static/images/ardha_uttanasana/human/65-0.json,ardha_uttanasana,human
410,./model_result/5000/static/images/bhujangasana/human/53-0.json,bhujangasana,human
685,./model_result/5000/static/images/ardha_uttanasana/human/57-0.json,ardha_uttanasana,human
881,./model_result/5000/static/images/marjaryasana/human/93-0.json,marjaryasana,human
688,./model_result/5000/static/images/ardha_uttanasana/human/80-0.json,ardha_uttanasana,human
854,./model_result/5000/static/images/balasana/human/8._17.json,balasana,human
365,./model_result/5000/static/images/bhujangasana/diagram/74-0.json,bhujangasana,diagram
880,./model_result/5000/static/images/marjaryasana/human/83-1.json,marjaryasana,human
825,./model_result/5000/static/images/bitilasana/human/84-0.json,bitilasana,human
335,./model_result/5000/static/images/purvottanasana/human/21-0.json,purvottanasana,human
278,./model_result/5000/static/images/utkatasana/human/50._image2.json,utkatasana,human
153,./model_result/5000/static/images/ustrasana/human/48-0.json,ustrasana,human
108,./model_result/5000/static/images/uttanasana/human/44-0.json,uttanasana,human
498,./model_result/5000/static/images/urdhva_hastasana/side_angle/7-0.json,urdhva_hastasana,side_angle
272,./model_result/5000/static/images/utkatasana/human/15._chair-pose.json,utkatasana,human
806,./model_result/5000/static/images/bitilasana/human/7-0.json,bitilasana,human
756,./model_result/5000/static/images/marichyasana_iii/human/40-0.json,marichyasana_iii,human
79,./model_result/5000/static/images/malasana/human/82-0.json,malasana,human
833,./model_result/5000/static/images/bitilasana/human/43-0.json,bitilasana,human
249,./model_result/5000/static/images/virabhadrasana_i/human/File15.json,virabhadrasana_i,human
795,./model_result/5000/static/images/bitilasana/human/68-0.json,bitilasana,human
487,./model_result/5000/static/images/urdhva_hastasana/side_angle/79._tadasana-1.json,urdhva_hastasana,side_angle
747,./model_result/5000/static/images/marichyasana_iii/human/37-0.json,marichyasana_iii,human
845,./model_result/5000/static/images/balasana/human/15._balasana-childs-resting-pose-helps-alleviate-stress-and-anxiety.json,balasana,human
459,./model_result/5000/static/images/adho_mukha_svanasana/human/35._068155f5a8d0310c34a6ed06cb089294.json,adho_mukha_svanasana,human
401,./model_result/5000/static/images/bhujangasana/human/10-0.json,bhujangasana,human
679,./model_result/5000/static/images/ardha_uttanasana/human/59-0.json,ardha_uttanasana,human
670,./model_result/5000/static/images/ardha_uttanasana/human/17-0.json,ardha_uttanasana,human
148,./model_result/5000/static/images/ustrasana/human/70-0.json,ustrasana,human
824,./model_result/5000/static/images/bitilasana/human/94-1.json,bitilasana,human
114,./model_result/5000/static/images/uttanasana/human/76-0.json,uttanasana,human
807,./model_result/5000/static/images/bitilasana/human/63-0.json,bitilasana,human
227,./model_result/5000/static/images/virabhadrasana_i/human/39-0.json,virabhadrasana_i,human
515,./model_result/5000/static/images/urdhva_hastasana/human/57-0.json,urdhva_hastasana,human
698,./model_result/5000/static/images/ardha_uttanasana/human/43-1.json,ardha_uttanasana,human
562,./model_result/5000/static/images/anjaneyasana/human/43-0.json,anjaneyasana,human
504,./model_result/5000/static/images/urdhva_hastasana/side_angle/3-0.json,urdhva_hastasana,side_angle
506,./model_result/5000/static/images/urdhva_hastasana/human/Tadasana.A.json,urdhva_hastasana,human
296,./model_result/5000/static/images/utkatasana/human/39._screen_2bshot_2b2017-04-05_2bat_2b11.45.50.json,utkatasana,human
283,./model_result/5000/static/images/utkatasana/human/4._utkatasana.json,utkatasana,human
477,./model_result/5000/static/images/adho_mukha_svanasana/human/7._downward-facing-dog-yoga-pose-adjustment-adho-mukha-svanasana.json,adho_mukha_svanasana,human
482,./model_result/5000/static/images/urdhva_hastasana/diagram/31._tadasana.json,urdhva_hastasana,diagram
89,./model_result/5000/static/images/malasana/human/9-0.json,malasana,human
369,./model_result/5000/static/images/bhujangasana/human/37-0.json,bhujangasana,human
270,./model_result/5000/static/images/utkatasana/diagram/10._d691b767d75133d3e177618dd04dfeaa.json,utkatasana,diagram
896,./model_result/5000/static/images/marjaryasana/human/93-1_copy.json,marjaryasana,human
484,./model_result/5000/static/images/urdhva_hastasana/diagram/10-0.json,urdhva_hastasana,diagram
171,./model_result/5000/static/images/ustrasana/human/2-0.json,ustrasana,human
394,./model_result/5000/static/images/bhujangasana/human/2-0.json,bhujangasana,human
677,./model_result/5000/static/images/ardha_uttanasana/human/71-0.json,ardha_uttanasana,human
531,./model_result/5000/static/images/anjaneyasana/human/13-0.json,anjaneyasana,human
615,./model_result/5000/static/images/paschimottanasana/human/90-0.json,paschimottanasana,human
311,./model_result/5000/static/images/purvottanasana/human/37-0.json,purvottanasana,human
456,./model_result/5000/static/images/adho_mukha_svanasana/human/23._george7.json,adho_mukha_svanasana,human
860,./model_result/5000/static/images/balasana/human/25._shishusana-or-the-child-pose_copy.json,balasana,human
558,./model_result/5000/static/images/anjaneyasana/human/96-0.json,anjaneyasana,human
492,./model_result/5000/static/images/urdhva_hastasana/side_angle/11-0.json,urdhva_hastasana,side_angle
332,./model_result/5000/static/images/purvottanasana/human/31-0.json,purvottanasana,human
502,./model_result/5000/static/images/urdhva_hastasana/side_angle/92-0.json,urdhva_hastasana,side_angle
377,./model_result/5000/static/images/bhujangasana/human/60-0.json,bhujangasana,human
762,./model_result/5000/static/images/marichyasana_iii/human/49-0.json,marichyasana_iii,human
15,./model_result/5000/static/images/chaturanga_dandasana/human/35-0.json,chaturanga_dandasana,human
704,./model_result/5000/static/images/ardha_uttanasana/human/84-0.json,ardha_uttanasana,human
180,./model_result/5000/static/images/ustrasana/human/36-0.json,ustrasana,human
117,./model_result/5000/static/images/uttanasana/human/74-0.json,uttanasana,human
872,./model_result/5000/static/images/marjaryasana/diagram/6-1.json,marjaryasana,diagram
367,./model_result/5000/static/images/bhujangasana/human/46-0.json,bhujangasana,human
612,./model_result/5000/static/images/paschimottanasana/human/95-0.json,paschimottanasana,human
405,./model_result/5000/static/images/bhujangasana/human/45-0.json,bhujangasana,human
280,./model_result/5000/static/images/utkatasana/human/42._screen-shot-2016-11-16-at-2.31.11-pm.json,utkatasana,human
256,./model_result/5000/static/images/virabhadrasana_i/human/File14.json,virabhadrasana_i,human
724,./model_result/5000/static/images/salabhasana/human/56-0.json,salabhasana,human
507,./model_result/5000/static/images/urdhva_hastasana/human/94-2.json,urdhva_hastasana,human
566,./model_result/5000/static/images/agnistambhasana/diagram/86-0.json,agnistambhasana,diagram
526,./model_result/5000/static/images/anjaneyasana/diagram/38-0.json,anjaneyasana,diagram
330,./model_result/5000/static/images/purvottanasana/human/23-0.json,purvottanasana,human
383,./model_result/5000/static/images/bhujangasana/human/15-0.json,bhujangasana,human
630,./model_result/5000/static/images/paschimottanasana/human/124-0.json,paschimottanasana,human
366,./model_result/5000/static/images/bhujangasana/diagram/66-0.json,bhujangasana,diagram
597,./model_result/5000/static/images/paschimottanasana/human/81-0.json,paschimottanasana,human
254,./model_result/5000/static/images/virabhadrasana_i/human/16-0.json,virabhadrasana_i,human
886,./model_result/5000/static/images/marjaryasana/human/90-2.json,marjaryasana,human
828,./model_result/5000/static/images/bitilasana/human/3-0.json,bitilasana,human
620,./model_result/5000/static/images/paschimottanasana/human/118-0.json,paschimottanasana,human
594,./model_result/5000/static/images/paschimottanasana/human/70-0.json,paschimottanasana,human
466,./model_result/5000/static/images/adho_mukha_svanasana/human/63._downward-facing-dog-yoga-pose-2.json,adho_mukha_svanasana,human
648,./model_result/5000/static/images/ardha_uttanasana/diagram/16-1.json,ardha_uttanasana,diagram
672,./model_result/5000/static/images/ardha_uttanasana/human/42-0.json,ardha_uttanasana,human
140,./model_result/5000/static/images/ustrasana/diagram/46-0.json,ustrasana,diagram
571,./model_result/5000/static/images/agnistambhasana/human/15-0.json,agnistambhasana,human
690,./model_result/5000/static/images/ardha_uttanasana/human/82-1.json,ardha_uttanasana,human
852,./model_result/5000/static/images/balasana/human/19._adho+muka+virasana.json,balasana,human
257,./model_result/5000/static/images/utkatasana/diagram/29._chair_20pose.json,utkatasana,diagram
399,./model_result/5000/static/images/bhujangasana/human/47-0.json,bhujangasana,human
858,./model_result/5000/static/images/balasana/human/4._childs-pose-balasana.json,balasana,human
6,./model_result/5000/static/images/chaturanga_dandasana/human/62-0.json,chaturanga_dandasana,human
115,./model_result/5000/static/images/uttanasana/human/66-1.json,uttanasana,human
610,./model_result/5000/static/images/paschimottanasana/human/139-0.json,paschimottanasana,human
821,./model_result/5000/static/images/bitilasana/human/65-0.json,bitilasana,human
919,./model_result/5000/static/images/marjaryasana/human/94-0.json,marjaryasana,human
902,./model_result/5000/static/images/marjaryasana/human/28-0.json,marjaryasana,human
923,./model_result/5000/static/images/marjaryasana/human/32-0.json,marjaryasana,human
406,./model_result/5000/static/images/bhujangasana/human/80-0.json,bhujangasana,human
382,./model_result/5000/static/images/bhujangasana/human/19-0.json,bhujangasana,human
783,./model_result/5000/static/images/bitilasana/human/8-0.json,bitilasana,human
645,./model_result/5000/static/images/ardha_uttanasana/diagram/68-0.json,ardha_uttanasana,diagram
697,./model_result/5000/static/images/ardha_uttanasana/human/18-0.json,ardha_uttanasana,human
946,./model_result/5000/static/images/ananda-balasana/human/24-0.json,ananda-balasana,human
841,./model_result/5000/static/images/balasana/human/2._childs-pose-modifications-plus-size-yoga.json,balasana,human
23,./model_result/5000/static/images/chaturanga_dandasana/human/40-0.json,chaturanga_dandasana,human
603,./model_result/5000/static/images/paschimottanasana/human/97-0.json,paschimottanasana,human
910,./model_result/5000/static/images/marjaryasana/human/30-0.json,marjaryasana,human
776,./model_result/5000/static/images/bitilasana/human/60-1.json,bitilasana,human
547,./model_result/5000/static/images/anjaneyasana/human/47-0.json,anjaneyasana,human
204,./model_result/5000/static/images/ustrasana/human/94-0.json,ustrasana,human
472,./model_result/5000/static/images/adho_mukha_svanasana/human/4._adho-mukha-svanasana-downward-dog-pose.json,adho_mukha_svanasana,human
273,./model_result/5000/static/images/utkatasana/human/24._chairpose2.json,utkatasana,human
210,./model_result/5000/static/images/ustrasana/human/67-0.json,ustrasana,human
60,./model_result/5000/static/images/malasana/diagram/81-0.json,malasana,diagram
525,./model_result/5000/static/images/anjaneyasana/diagram/4-0.json,anjaneyasana,diagram
207,./model_result/5000/static/images/ustrasana/human/43-0.json,ustrasana,human
18,./model_result/5000/static/images/chaturanga_dandasana/human/89-0.json,chaturanga_dandasana,human
62,./model_result/5000/static/images/malasana/diagram/40-0.json,malasana,diagram
31,./model_result/5000/static/images/chaturanga_dandasana/human/7-0.json,chaturanga_dandasana,human
300,./model_result/5000/static/images/utkatasana/human/8._3_big_ideas_for_improving_your_utkatasana.json,utkatasana,human
3,./model_result/5000/static/images/chaturanga_dandasana/human/54-0.json,chaturanga_dandasana,human
232,./model_result/5000/static/images/virabhadrasana_i/human/40-0.json,virabhadrasana_i,human
194,./model_result/5000/static/images/ustrasana/human/5-0.json,ustrasana,human
0,./model_result/5000/static/images/chaturanga_dandasana/diagram/83-0.json,chaturanga_dandasana,diagram
54,./model_result/5000/static/images/chaturanga_dandasana/human/3-0.json,chaturanga_dandasana,human
158,./model_result/5000/static/images/ustrasana/human/19-0.json,ustrasana,human
360,./model_result/5000/static/images/purvottanasana/human/43-0.json,purvottanasana,human
602,./model_result/5000/static/images/paschimottanasana/human/85-0.json,paschimottanasana,human
909,./model_result/5000/static/images/marjaryasana/human/5-0.json,marjaryasana,human
509,./model_result/5000/static/images/urdhva_hastasana/human/0-0.json,urdhva_hastasana,human
152,./model_result/5000/static/images/ustrasana/human/81-0.json,ustrasana,human
389,./model_result/5000/static/images/bhujangasana/human/50-0.json,bhujangasana,human
847,./model_result/5000/static/images/balasana/human/19._20181201_114715_0001780273561.json,balasana,human
33,./model_result/5000/static/images/chaturanga_dandasana/human/24-0.json,chaturanga_dandasana,human
397,./model_result/5000/static/images/bhujangasana/human/7-0.json,bhujangasana,human
32,./model_result/5000/static/images/chaturanga_dandasana/human/12-0.json,chaturanga_dandasana,human
277,./model_result/5000/static/images/utkatasana/human/5._utkatasana.json,utkatasana,human
814,./model_result/5000/static/images/bitilasana/human/38-0.json,bitilasana,human
842,./model_result/5000/static/images/balasana/human/10._22.10.2017-e1508409633499.json,balasana,human
514,./model_result/5000/static/images/urdhva_hastasana/human/38-1.json,urdhva_hastasana,human
903,./model_result/5000/static/images/marjaryasana/human/55-0.json,marjaryasana,human
448,./model_result/5000/static/images/adho_mukha_svanasana/human/45._3_alignment_instructions_to_reconsider.json,adho_mukha_svanasana,human
580,./model_result/5000/static/images/agnistambhasana/human/61-0.json,agnistambhasana,human
411,./model_result/5000/static/images/bhujangasana/human/30-0.json,bhujangasana,human
346,./model_result/5000/static/images/purvottanasana/human/57-0.json,purvottanasana,human
642,./model_result/5000/static/images/paschimottanasana/human/145-0.json,paschimottanasana,human
147,./model_result/5000/static/images/ustrasana/human/62-0.json,ustrasana,human
868,./model_result/5000/static/images/balasana/human/29._balasana.json,balasana,human
468,./model_result/5000/static/images/adho_mukha_svanasana/human/21._adho-mukha-svanasana.json,adho_mukha_svanasana,human
925,./model_result/5000/static/images/ananda-balasana/diagram/43-0.json,ananda-balasana,diagram
25,./model_result/5000/static/images/chaturanga_dandasana/human/78-0.json,chaturanga_dandasana,human
729,./model_result/5000/static/images/salabhasana/human/17-0.json,salabhasana,human
855,./model_result/5000/static/images/balasana/human/10._17.json,balasana,human
683,./model_result/5000/static/images/ardha_uttanasana/human/55-0.json,ardha_uttanasana,human
813,./model_result/5000/static/images/bitilasana/human/49-0.json,bitilasana,human
122,./model_result/5000/static/images/uttanasana/human/92-1.json,uttanasana,human
372,./model_result/5000/static/images/bhujangasana/human/91-0.json,bhujangasana,human
205,./model_result/5000/static/images/ustrasana/human/32-0.json,ustrasana,human
379,./model_result/5000/static/images/bhujangasana/human/97-0.json,bhujangasana,human
879,./model_result/5000/static/images/marjaryasana/human/8-1.json,marjaryasana,human
789,./model_result/5000/static/images/bitilasana/human/11-0.json,bitilasana,human
374,./model_result/5000/static/images/bhujangasana/human/4-0.json,bhujangasana,human
489,./model_result/5000/static/images/urdhva_hastasana/side_angle/70-0.json,urdhva_hastasana,side_angle
673,./model_result/5000/static/images/ardha_uttanasana/human/2-0.json,ardha_uttanasana,human
92,./model_result/5000/static/images/malasana/human/51-0.json,malasana,human
823,./model_result/5000/static/images/bitilasana/human/14-0.json,bitilasana,human
323,./model_result/5000/static/images/purvottanasana/human/56-0.json,purvottanasana,human
455,./model_result/5000/static/images/adho_mukha_svanasana/human/28._screen-shot-2017-10-30-at-2.24.06-pm.json,adho_mukha_svanasana,human
12,./model_result/5000/static/images/chaturanga_dandasana/human/93-0.json,chaturanga_dandasana,human
887,./model_result/5000/static/images/marjaryasana/human/68-0.json,marjaryasana,human
196,./model_result/5000/static/images/ustrasana/human/70-2.json,ustrasana,human
99,./model_result/5000/static/images/uttanasana/human/37-0.json,uttanasana,human
107,./model_result/5000/static/images/uttanasana/human/27-0.json,uttanasana,human
475,./model_result/5000/static/images/adho_mukha_svanasana/human/39._untitled10.json,adho_mukha_svanasana,human
315,./model_result/5000/static/images/purvottanasana/human/13-0.json,purvottanasana,human
790,./model_result/5000/static/images/bitilasana/human/60-0.json,bitilasana,human
145,./model_result/5000/static/images/ustrasana/human/54-0.json,ustrasana,human
347,./model_result/5000/static/images/purvottanasana/human/34-0.json,purvottanasana,human
409,./model_result/5000/static/images/bhujangasana/human/41-0.json,bhujangasana,human
193,./model_result/5000/static/images/ustrasana/human/90-1.json,ustrasana,human
132,./model_result/5000/static/images/uttanasana/human/18-0.json,uttanasana,human
186,./model_result/5000/static/images/ustrasana/human/57-0.json,ustrasana,human
780,./model_result/5000/static/images/bitilasana/human/37-0.json,bitilasana,human
863,./model_result/5000/static/images/balasana/human/13._how-and-when-to-do-childs-pose-or-balasana_14.json,balasana,human
116,./model_result/5000/static/images/uttanasana/human/31-0.json,uttanasana,human
5,./model_result/5000/static/images/chaturanga_dandasana/human/39-1.json,chaturanga_dandasana,human
510,./model_result/5000/static/images/urdhva_hastasana/human/74-0.json,urdhva_hastasana,human
317,./model_result/5000/static/images/purvottanasana/human/8-0.json,purvottanasana,human
464,./model_result/5000/static/images/adho_mukha_svanasana/human/55._screen+shot+2017-12-13+at+9.12.42+am.json,adho_mukha_svanasana,human
519,./model_result/5000/static/images/urdhva_hastasana/human/77-0.json,urdhva_hastasana,human
51,./model_result/5000/static/images/chaturanga_dandasana/human/1-0.json,chaturanga_dandasana,human
340,./model_result/5000/static/images/purvottanasana/human/63-0.json,purvottanasana,human
956,./model_result/5000/static/images/ananda-balasana/human/86-0.json,ananda-balasana,human
711,./model_result/5000/static/images/ardha_uttanasana/human/16-0.json,ardha_uttanasana,human
794,./model_result/5000/static/images/bitilasana/human/15-0.json,bitilasana,human
413,./model_result/5000/static/images/bhujangasana/human/77-0.json,bhujangasana,human
792,./model_result/5000/static/images/bitilasana/human/89-0.json,bitilasana,human
803,./model_result/5000/static/images/bitilasana/human/33-0.json,bitilasana,human
82,./model_result/5000/static/images/malasana/human/36-0.json,malasana,human
906,./model_result/5000/static/images/marjaryasana/human/49-0.json,marjaryasana,human
123,./model_result/5000/static/images/uttanasana/human/36-0.json,uttanasana,human
113,./model_result/5000/static/images/uttanasana/human/19-0.json,uttanasana,human
702,./model_result/5000/static/images/ardha_uttanasana/human/69-0.json,ardha_uttanasana,human
737,./model_result/5000/static/images/salabhasana/human/34-0.json,salabhasana,human
476,./model_result/5000/static/images/adho_mukha_svanasana/human/36._downward-facing-dog-800x490.json,adho_mukha_svanasana,human
540,./model_result/5000/static/images/anjaneyasana/human/40-0.json,anjaneyasana,human
98,./model_result/5000/static/images/uttanasana/human/29-0.json,uttanasana,human
173,./model_result/5000/static/images/ustrasana/human/90-0.json,ustrasana,human
217,./model_result/5000/static/images/virabhadrasana_i/human/46-0.json,virabhadrasana_i,human
160,./model_result/5000/static/images/ustrasana/human/61-3.json,ustrasana,human
527,./model_result/5000/static/images/anjaneyasana/diagram/20-0.json,anjaneyasana,diagram
537,./model_result/5000/static/images/anjaneyasana/human/19-0.json,anjaneyasana,human
781,./model_result/5000/static/images/bitilasana/human/70-0.json,bitilasana,human
930,./model_result/5000/static/images/ananda-balasana/human/8-0.json,ananda-balasana,human
632,./model_result/5000/static/images/paschimottanasana/human/147-0.json,paschimottanasana,human
237,./model_result/5000/static/images/virabhadrasana_i/human/7-0.json,virabhadrasana_i,human
913,./model_result/5000/static/images/marjaryasana/human/77-0.json,marjaryasana,human
693,./model_result/5000/static/images/ardha_uttanasana/human/22-0.json,ardha_uttanasana,human
355,./model_result/5000/static/images/purvottanasana/human/14-0.json,purvottanasana,human
331,./model_result/5000/static/images/purvottanasana/human/40-0.json,purvottanasana,human
479,./model_result/5000/static/images/urdhva_hastasana/diagram/4-0.json,urdhva_hastasana,diagram
884,./model_result/5000/static/images/marjaryasana/human/28-0_copy.json,marjaryasana,human
220,./model_result/5000/static/images/virabhadrasana_i/human/37-0.json,virabhadrasana_i,human
937,./model_result/5000/static/images/ananda-balasana/human/17-1.json,ananda-balasana,human
875,./model_result/5000/static/images/marjaryasana/human/62-0.json,marjaryasana,human
179,./model_result/5000/static/images/ustrasana/human/61-1.json,ustrasana,human
442,./model_result/5000/static/images/adho_mukha_svanasana/human/60._adho-mukha-svanasana-downward-dog.json,adho_mukha_svanasana,human
577,./model_result/5000/static/images/agnistambhasana/human/90-0.json,agnistambhasana,human
530,./model_result/5000/static/images/anjaneyasana/human/25-0.json,anjaneyasana,human
624,./model_result/5000/static/images/paschimottanasana/human/73-0.json,paschimottanasana,human
63,./model_result/5000/static/images/malasana/diagram/40-1.json,malasana,diagram
836,./model_result/5000/static/images/balasana/diagram/3._childs-pose-567x567.json,balasana,diagram
298,./model_result/5000/static/images/utkatasana/human/47._20181127_002127_0001987296789.json,utkatasana,human
928,./model_result/5000/static/images/ananda-balasana/human/37-0.json,ananda-balasana,human
760,./model_result/5000/static/images/marichyasana_iii/human/37-4.json,marichyasana_iii,human
605,./model_result/5000/static/images/paschimottanasana/human/146-0.json,paschimottanasana,human
310,./model_result/5000/static/images/purvottanasana/human/54-0.json,purvottanasana,human
127,./model_result/5000/static/images/uttanasana/human/45-0.json,uttanasana,human
741,./model_result/5000/static/images/salabhasana/human/5-0.json,salabhasana,human
826,./model_result/5000/static/images/bitilasana/human/96-0.json,bitilasana,human
61,./model_result/5000/static/images/malasana/diagram/27-0.json,malasana,diagram
554,./model_result/5000/static/images/anjaneyasana/human/22-0.json,anjaneyasana,human
19,./model_result/5000/static/images/chaturanga_dandasana/human/0-0.json,chaturanga_dandasana,human
8,./model_result/5000/static/images/chaturanga_dandasana/human/70-0.json,chaturanga_dandasana,human
44,./model_result/5000/static/images/chaturanga_dandasana/human/9-0.json,chaturanga_dandasana,human
633,./model_result/5000/static/images/paschimottanasana/human/77-0.json,paschimottanasana,human
753,./model_result/5000/static/images/marichyasana_iii/human/85-0.json,marichyasana_iii,human
598,./model_result/5000/static/images/paschimottanasana/human/117-0.json,paschimottanasana,human
785,./model_result/5000/static/images/bitilasana/human/48-0.json,bitilasana,human
840,./model_result/5000/static/images/balasana/human/16._screen+shot+2018-03-02+at+6.23.32+pm.json,balasana,human
721,./model_result/5000/static/images/salabhasana/human/91-0.json,salabhasana,human
274,./model_result/5000/static/images/utkatasana/human/9._untitled-design1.json,utkatasana,human
550,./model_result/5000/static/images/anjaneyasana/human/49-0.json,anjaneyasana,human
199,./model_result/5000/static/images/ustrasana/human/18-0.json,ustrasana,human
936,./model_result/5000/static/images/ananda-balasana/human/40-0.json,ananda-balasana,human
126,./model_result/5000/static/images/uttanasana/human/38-0.json,uttanasana,human
271,./model_result/5000/static/images/utkatasana/diagram/23._3f956a07-bd2f-4d31-b997-3ab9fbf0d713.json,utkatasana,diagram
857,./model_result/5000/static/images/balasana/human/22._content_blog_inner_94c5556e.json,balasana,human
850,./model_result/5000/static/images/balasana/human/49._screen-shot-2016-11-08-at-16.16.43-e1478710868586.json,balasana,human
793,./model_result/5000/static/images/bitilasana/human/0-0.json,bitilasana,human
719,./model_result/5000/static/images/salabhasana/human/13-0.json,salabhasana,human
846,./model_result/5000/static/images/balasana/human/20._yoga_child.json,balasana,human
333,./model_result/5000/static/images/purvottanasana/human/17-0.json,purvottanasana,human
141,./model_result/5000/static/images/ustrasana/diagram/58-0.json,ustrasana,diagram
511,./model_result/5000/static/images/urdhva_hastasana/human/33-0.json,urdhva_hastasana,human
281,./model_result/5000/static/images/utkatasana/human/19._4_20chair_20pose_20shutterstock_173657711.json,utkatasana,human
867,./model_result/5000/static/images/balasana/human/11._d52a384b55f968afda3e4717b9e76f31.json,balasana,human
242,./model_result/5000/static/images/virabhadrasana_i/human/10-0.json,virabhadrasana_i,human
709,./model_result/5000/static/images/ardha_uttanasana/human/20-0.json,ardha_uttanasana,human
77,./model_result/5000/static/images/malasana/human/33-0.json,malasana,human
532,./model_result/5000/static/images/anjaneyasana/human/83-0.json,anjaneyasana,human
499,./model_result/5000/static/images/urdhva_hastasana/side_angle/72-5.json,urdhva_hastasana,side_angle
539,./model_result/5000/static/images/anjaneyasana/human/15-0.json,anjaneyasana,human
233,./model_result/5000/static/images/virabhadrasana_i/human/31-0.json,virabhadrasana_i,human
454,./model_result/5000/static/images/adho_mukha_svanasana/human/1._5-benefits-of-downward-facing-dog-pose.json,adho_mukha_svanasana,human
182,./model_result/5000/static/images/ustrasana/human/55-0.json,ustrasana,human
189,./model_result/5000/static/images/ustrasana/human/45-0.json,ustrasana,human
52,./model_result/5000/static/images/chaturanga_dandasana/human/88-0.json,chaturanga_dandasana,human
164,./model_result/5000/static/images/ustrasana/human/74-0.json,ustrasana,human
859,./model_result/5000/static/images/balasana/human/41._childs-pose.json,balasana,human
226,./model_result/5000/static/images/virabhadrasana_i/human/44-0.json,virabhadrasana_i,human
829,./model_result/5000/static/images/bitilasana/human/32-0.json,bitilasana,human
545,./model_result/5000/static/images/anjaneyasana/human/87-0.json,anjaneyasana,human
197,./model_result/5000/static/images/ustrasana/human/53-0.json,ustrasana,human
120,./model_result/5000/static/images/uttanasana/human/21-0.json,uttanasana,human
443,./model_result/5000/static/images/adho_mukha_svanasana/human/67._downward-facing-dog-adho-mukha-svanasana.json,adho_mukha_svanasana,human
678,./model_result/5000/static/images/ardha_uttanasana/human/24-0.json,ardha_uttanasana,human
334,./model_result/5000/static/images/purvottanasana/human/33-0.json,purvottanasana,human
57,./model_result/5000/static/images/chaturanga_dandasana/human/20-0.json,chaturanga_dandasana,human
354,./model_result/5000/static/images/purvottanasana/human/30-0.json,purvottanasana,human
804,./model_result/5000/static/images/bitilasana/human/42-0.json,bitilasana,human
736,./model_result/5000/static/images/salabhasana/human/55-0.json,salabhasana,human
161,./model_result/5000/static/images/ustrasana/human/76-0.json,ustrasana,human
306,./model_result/5000/static/images/purvottanasana/diagram/93-0.json,purvottanasana,diagram
59,./model_result/5000/static/images/chaturanga_dandasana/human/79-0.json,chaturanga_dandasana,human
253,./model_result/5000/static/images/virabhadrasana_i/human/43-0.json,virabhadrasana_i,human
236,./model_result/5000/static/images/virabhadrasana_i/human/42-0.json,virabhadrasana_i,human
457,./model_result/5000/static/images/adho_mukha_svanasana/human/43._down_dog.json,adho_mukha_svanasana,human
638,./model_result/5000/static/images/paschimottanasana/human/102-0.json,paschimottanasana,human
364,./model_result/5000/static/images/bhujangasana/diagram/44-0.json,bhujangasana,diagram
420,./model_result/5000/static/images/adho_mukha_svanasana/diagram/7._23-downward-facing-dog.json,adho_mukha_svanasana,diagram
438,./model_result/5000/static/images/adho_mukha_svanasana/human/51._screenshot_20180409-154224.json,adho_mukha_svanasana,human
561,./model_result/5000/static/images/anjaneyasana/human/98-0.json,anjaneyasana,human
757,./model_result/5000/static/images/marichyasana_iii/human/17-0.json,marichyasana_iii,human
818,./model_result/5000/static/images/bitilasana/human/5-0.json,bitilasana,human
497,./model_result/5000/static/images/urdhva_hastasana/side_angle/86._b84ea1c722dd4d0364af0c5c66d2fea8.json,urdhva_hastasana,side_angle
58,./model_result/5000/static/images/chaturanga_dandasana/human/30-1.json,chaturanga_dandasana,human
659,./model_result/5000/static/images/ardha_uttanasana/human/44-0.json,ardha_uttanasana,human
856,./model_result/5000/static/images/balasana/human/46._screen-shot-2016-11-08-at-16.16.43-e1478710868586.json,balasana,human
831,./model_result/5000/static/images/bitilasana/human/51-0.json,bitilasana,human
376,./model_result/5000/static/images/bhujangasana/human/29-1.json,bhujangasana,human
446,./model_result/5000/static/images/adho_mukha_svanasana/human/32._down_dog_orthocarolina_winston.json,adho_mukha_svanasana,human
75,./model_result/5000/static/images/malasana/human/78-0.json,malasana,human
533,./model_result/5000/static/images/anjaneyasana/human/27-0.json,anjaneyasana,human
170,./model_result/5000/static/images/ustrasana/human/21-0.json,ustrasana,human
234,./model_result/5000/static/images/virabhadrasana_i/human/17-0.json,virabhadrasana_i,human
70,./model_result/5000/static/images/malasana/human/72-0.json,malasana,human
450,./model_result/5000/static/images/adho_mukha_svanasana/human/83._downward-dog_final_rev2.json,adho_mukha_svanasana,human
72,./model_result/5000/static/images/malasana/human/15-0.json,malasana,human
36,./model_result/5000/static/images/chaturanga_dandasana/human/10-0.json,chaturanga_dandasana,human
461,./model_result/5000/static/images/adho_mukha_svanasana/human/4._downward-facing-dog.json,adho_mukha_svanasana,human
241,./model_result/5000/static/images/virabhadrasana_i/human/28-0.json,virabhadrasana_i,human
912,./model_result/5000/static/images/marjaryasana/human/43-1.json,marjaryasana,human
838,./model_result/5000/static/images/balasana/human/7._6963804_orig.json,balasana,human
110,./model_result/5000/static/images/uttanasana/human/72-0.json,uttanasana,human
778,./model_result/5000/static/images/bitilasana/human/25-0.json,bitilasana,human
587,./model_result/5000/static/images/agnistambhasana/human/32-0.json,agnistambhasana,human
658,./model_result/5000/static/images/ardha_uttanasana/human/27-0.json,ardha_uttanasana,human
911,./model_result/5000/static/images/marjaryasana/human/65-0.json,marjaryasana,human
849,./model_result/5000/static/images/balasana/human/42._balasana-1024x646.json,balasana,human
582,./model_result/5000/static/images/agnistambhasana/human/34-0.json,agnistambhasana,human
656,./model_result/5000/static/images/ardha_uttanasana/human/93-0.json,ardha_uttanasana,human
751,./model_result/5000/static/images/marichyasana_iii/human/35-0.json,marichyasana_iii,human
243,./model_result/5000/static/images/virabhadrasana_i/human/34-0.json,virabhadrasana_i,human
618,./model_result/5000/static/images/paschimottanasana/human/71-0.json,paschimottanasana,human
345,./model_result/5000/static/images/purvottanasana/human/61-0.json,purvottanasana,human
717,./model_result/5000/static/images/salabhasana/human/46-0.json,salabhasana,human
951,./model_result/5000/static/images/ananda-balasana/human/9-0.json,ananda-balasana,human
556,./model_result/5000/static/images/anjaneyasana/human/84-0.json,anjaneyasana,human
289,./model_result/5000/static/images/utkatasana/human/22._chair-pose.json,utkatasana,human
636,./model_result/5000/static/images/paschimottanasana/human/86-0.json,paschimottanasana,human
211,./model_result/5000/static/images/virabhadrasana_i/diagram/File56.json,virabhadrasana_i,diagram
953,./model_result/5000/static/images/ananda-balasana/human/69-0.json,ananda-balasana,human
588,./model_result/5000/static/images/agnistambhasana/human/20-0.json,agnistambhasana,human
661,./model_result/5000/static/images/ardha_uttanasana/human/43-2.json,ardha_uttanasana,human
947,./model_result/5000/static/images/ananda-balasana/human/47-0.json,ananda-balasana,human
142,./model_result/5000/static/images/ustrasana/diagram/8-0.json,ustrasana,diagram
898,./model_result/5000/static/images/marjaryasana/human/84-6.json,marjaryasana,human
877,./model_result/5000/static/images/marjaryasana/human/13-0.json,marjaryasana,human
495,./model_result/5000/static/images/urdhva_hastasana/side_angle/42-0.json,urdhva_hastasana,side_angle
606,./model_result/5000/static/images/paschimottanasana/human/76-0.json,paschimottanasana,human
460,./model_result/5000/static/images/adho_mukha_svanasana/human/56._dd2.json,adho_mukha_svanasana,human
162,./model_result/5000/static/images/ustrasana/human/40-0.json,ustrasana,human
609,./model_result/5000/static/images/paschimottanasana/human/127-0.json,paschimottanasana,human
447,./model_result/5000/static/images/adho_mukha_svanasana/human/1._1.json,adho_mukha_svanasana,human
261,./model_result/5000/static/images/utkatasana/diagram/9._chair-pose-yoga-blocks-567x567.json,utkatasana,diagram
494,./model_result/5000/static/images/urdhva_hastasana/side_angle/52-0.json,urdhva_hastasana,side_angle
47,./model_result/5000/static/images/chaturanga_dandasana/human/53-0.json,chaturanga_dandasana,human
102,./model_result/5000/static/images/uttanasana/human/91-0.json,uttanasana,human
156,./model_result/5000/static/images/ustrasana/human/70-1.json,ustrasana,human
247,./model_result/5000/static/images/virabhadrasana_i/human/5-0.json,virabhadrasana_i,human
224,./model_result/5000/static/images/virabhadrasana_i/human/35-0.json,virabhadrasana_i,human
137,./model_result/5000/static/images/uttanasana/human/3-0.json,uttanasana,human
800,./model_result/5000/static/images/bitilasana/human/66-0.json,bitilasana,human
634,./model_result/5000/static/images/paschimottanasana/human/128-0.json,paschimottanasana,human
398,./model_result/5000/static/images/bhujangasana/human/71-0.json,bhujangasana,human
214,./model_result/5000/static/images/virabhadrasana_i/diagram/2-0.json,virabhadrasana_i,diagram
774,./model_result/5000/static/images/bitilasana/diagram/61-0.json,bitilasana,diagram
30,./model_result/5000/static/images/chaturanga_dandasana/human/82-0.json,chaturanga_dandasana,human
373,./model_result/5000/static/images/bhujangasana/human/8-0.json,bhujangasana,human
146,./model_result/5000/static/images/ustrasana/human/29-0.json,ustrasana,human
628,./model_result/5000/static/images/paschimottanasana/human/79-1.json,paschimottanasana,human
105,./model_result/5000/static/images/uttanasana/human/48-0.json,uttanasana,human
314,./model_result/5000/static/images/purvottanasana/human/70-0.json,purvottanasana,human
834,./model_result/5000/static/images/bitilasana/human/16-0.json,bitilasana,human
586,./model_result/5000/static/images/agnistambhasana/human/1-0.json,agnistambhasana,human
400,./model_result/5000/static/images/bhujangasana/human/28-0.json,bhujangasana,human
734,./model_result/5000/static/images/salabhasana/human/15-2.json,salabhasana,human
222,./model_result/5000/static/images/virabhadrasana_i/human/6-0.json,virabhadrasana_i,human
378,./model_result/5000/static/images/bhujangasana/human/85-0.json,bhujangasana,human
735,./model_result/5000/static/images/salabhasana/human/47-0.json,salabhasana,human
88,./model_result/5000/static/images/malasana/human/80-0.json,malasana,human
363,./model_result/5000/static/images/bhujangasana/diagram/56-0.json,bhujangasana,diagram
772,./model_result/5000/static/images/bitilasana/diagram/59-0.json,bitilasana,diagram
651,./model_result/5000/static/images/ardha_uttanasana/human/62-0.json,ardha_uttanasana,human
732,./model_result/5000/static/images/salabhasana/human/90-0.json,salabhasana,human
629,./model_result/5000/static/images/paschimottanasana/human/65-0.json,paschimottanasana,human
386,./model_result/5000/static/images/bhujangasana/human/23-0.json,bhujangasana,human
798,./model_result/5000/static/images/bitilasana/human/74-0.json,bitilasana,human
421,./model_result/5000/static/images/adho_mukha_svanasana/diagram/34._adho-mukha-svanasana.json,adho_mukha_svanasana,diagram
250,./model_result/5000/static/images/virabhadrasana_i/human/18-0.json,virabhadrasana_i,human
932,./model_result/5000/static/images/ananda-balasana/human/81-0.json,ananda-balasana,human
665,./model_result/5000/static/images/ardha_uttanasana/human/19-0.json,ardha_uttanasana,human
64,./model_result/5000/static/images/malasana/diagram/92-0.json,malasana,diagram
574,./model_result/5000/static/images/agnistambhasana/human/42-0.json,agnistambhasana,human
414,./model_result/5000/static/images/bhujangasana/human/14-0.json,bhujangasana,human
46,./model_result/5000/static/images/chaturanga_dandasana/human/41-0.json,chaturanga_dandasana,human
491,./model_result/5000/static/images/urdhva_hastasana/side_angle/44-0.json,urdhva_hastasana,side_angle
493,./model_result/5000/static/images/urdhva_hastasana/side_angle/15-0.json,urdhva_hastasana,side_angle
29,./model_result/5000/static/images/chaturanga_dandasana/human/87-0.json,chaturanga_dandasana,human
607,./model_result/5000/static/images/paschimottanasana/human/113-0.json,paschimottanasana,human
223,./model_result/5000/static/images/virabhadrasana_i/human/File41.json,virabhadrasana_i,human
625,./model_result/5000/static/images/paschimottanasana/human/116-0.json,paschimottanasana,human
641,./model_result/5000/static/images/paschimottanasana/human/149-0.json,paschimottanasana,human
269,./model_result/5000/static/images/utkatasana/diagram/24._utkatasana-stuhl.json,utkatasana,diagram
779,./model_result/5000/static/images/bitilasana/human/29-0.json,bitilasana,human
339,./model_result/5000/static/images/purvottanasana/human/7-0.json,purvottanasana,human
848,./model_result/5000/static/images/balasana/human/29._child-s-pose-stretch_orig.json,balasana,human
933,./model_result/5000/static/images/ananda-balasana/human/11-0.json,ananda-balasana,human
428,./model_result/5000/static/images/adho_mukha_svanasana/human/68._1*c9pnvdemkeprdlicwzowoa.json,adho_mukha_svanasana,human
163,./model_result/5000/static/images/ustrasana/human/31-0.json,ustrasana,human
541,./model_result/5000/static/images/anjaneyasana/human/52-0.json,anjaneyasana,human
429,./model_result/5000/static/images/adho_mukha_svanasana/human/95._downward-facing-dog-pose.json,adho_mukha_svanasana,human
885,./model_result/5000/static/images/marjaryasana/human/89-0.json,marjaryasana,human
551,./model_result/5000/static/images/anjaneyasana/human/45-0.json,anjaneyasana,human
361,./model_result/5000/static/images/purvottanasana/human/16-0.json,purvottanasana,human
538,./model_result/5000/static/images/anjaneyasana/human/64-0.json,anjaneyasana,human
39,./model_result/5000/static/images/chaturanga_dandasana/human/49-0.json,chaturanga_dandasana,human
387,./model_result/5000/static/images/bhujangasana/human/40-0.json,bhujangasana,human
112,./model_result/5000/static/images/uttanasana/human/97-0.json,uttanasana,human
175,./model_result/5000/static/images/ustrasana/human/63-0.json,ustrasana,human
157,./model_result/5000/static/images/ustrasana/human/89-0.json,ustrasana,human
259,./model_result/5000/static/images/utkatasana/diagram/47._utkatasana-steps-benefits-vidhi-fayde-in-hindi.json,utkatasana,diagram
275,./model_result/5000/static/images/utkatasana/human/22._4_20chair_20pose_20shutterstock_173657711.json,utkatasana,human
287,./model_result/5000/static/images/utkatasana/human/37._74969db980c25a7a1c2a042f23e53cc4.json,utkatasana,human
190,./model_result/5000/static/images/ustrasana/human/92-0.json,ustrasana,human
291,./model_result/5000/static/images/utkatasana/human/29._yoga-move.json,utkatasana,human
84,./model_result/5000/static/images/malasana/human/73-0.json,malasana,human
707,./model_result/5000/static/images/ardha_uttanasana/human/86-0.json,ardha_uttanasana,human
49,./model_result/5000/static/images/chaturanga_dandasana/human/18-0.json,chaturanga_dandasana,human
684,./model_result/5000/static/images/ardha_uttanasana/human/55-1.json,ardha_uttanasana,human
843,./model_result/5000/static/images/balasana/human/5._yoga-child-pose-2.json,balasana,human
528,./model_result/5000/static/images/anjaneyasana/diagram/16-0.json,anjaneyasana,diagram
591,./model_result/5000/static/images/paschimottanasana/human/119-0.json,paschimottanasana,human
746,./model_result/5000/static/images/salabhasana/human/16-0.json,salabhasana,human
714,./model_result/5000/static/images/ardha_uttanasana/human/22-1.json,ardha_uttanasana,human
124,./model_result/5000/static/images/uttanasana/human/28-0.json,uttanasana,human
700,./model_result/5000/static/images/ardha_uttanasana/human/77-0.json,ardha_uttanasana,human
177,./model_result/5000/static/images/ustrasana/human/24-0.json,ustrasana,human
521,./model_result/5000/static/images/urdhva_hastasana/human/34._tadasana-suzlyfe-yoga-clinic.json,urdhva_hastasana,human
309,./model_result/5000/static/images/purvottanasana/human/25-0.json,purvottanasana,human
21,./model_result/5000/static/images/chaturanga_dandasana/human/68-0.json,chaturanga_dandasana,human
908,./model_result/5000/static/images/marjaryasana/human/38-0.json,marjaryasana,human
728,./model_result/5000/static/images/salabhasana/human/52-0.json,salabhasana,human
565,./model_result/5000/static/images/agnistambhasana/diagram/30-0.json,agnistambhasana,diagram
599,./model_result/5000/static/images/paschimottanasana/human/105-0.json,paschimottanasana,human
744,./model_result/5000/static/images/salabhasana/human/14-0.json,salabhasana,human
941,./model_result/5000/static/images/ananda-balasana/human/50-0.json,ananda-balasana,human
750,./model_result/5000/static/images/marichyasana_iii/human/6-0.json,marichyasana_iii,human
573,./model_result/5000/static/images/agnistambhasana/human/33-0.json,agnistambhasana,human
945,./model_result/5000/static/images/ananda-balasana/human/12-0.json,ananda-balasana,human
56,./model_result/5000/static/images/chaturanga_dandasana/human/51-0.json,chaturanga_dandasana,human
771,./model_result/5000/static/images/bitilasana/diagram/31-0.json,bitilasana,diagram
74,./model_result/5000/static/images/malasana/human/52-0.json,malasana,human
135,./model_result/5000/static/images/uttanasana/human/69-0.json,uttanasana,human
445,./model_result/5000/static/images/adho_mukha_svanasana/human/39._screen-shot-2019-01-02-at-5.02.56-pm.json,adho_mukha_svanasana,human
640,./model_result/5000/static/images/paschimottanasana/human/75-0.json,paschimottanasana,human
299,./model_result/5000/static/images/utkatasana/human/15._yoga-pose-101-utkatasana-or-chair-pose.json,utkatasana,human
229,./model_result/5000/static/images/virabhadrasana_i/human/0-0.json,virabhadrasana_i,human
754,./model_result/5000/static/images/marichyasana_iii/human/0-0.json,marichyasana_iii,human
53,./model_result/5000/static/images/chaturanga_dandasana/human/96-0.json,chaturanga_dandasana,human
327,./model_result/5000/static/images/purvottanasana/human/64-0.json,purvottanasana,human
427,./model_result/5000/static/images/adho_mukha_svanasana/human/85._adhomukhasavanasana-buildup.json,adho_mukha_svanasana,human
441,./model_result/5000/static/images/adho_mukha_svanasana/human/72._20-downward_dog_shutterstock_ss.json,adho_mukha_svanasana,human
218,./model_result/5000/static/images/virabhadrasana_i/human/25-0.json,virabhadrasana_i,human
560,./model_result/5000/static/images/anjaneyasana/human/86-0.json,anjaneyasana,human
524,./model_result/5000/static/images/urdhva_hastasana/human/51-0.json,urdhva_hastasana,human
294,./model_result/5000/static/images/utkatasana/human/13._utkatasana.json,utkatasana,human
802,./model_result/5000/static/images/bitilasana/human/50-0.json,bitilasana,human
548,./model_result/5000/static/images/anjaneyasana/human/28-0.json,anjaneyasana,human
655,./model_result/5000/static/images/ardha_uttanasana/human/4-0.json,ardha_uttanasana,human
83,./model_result/5000/static/images/malasana/human/55-0.json,malasana,human
304,./model_result/5000/static/images/utkatasana/human/30._utkatasana-chair-pose1.json,utkatasana,human
